{
  "trailingSlash": true,
  "rewrites": [{ "source": "/robots.txt", "destination": "/api/robots" }],
  "redirects": [
    { "source": "/blog/page/2/", "destination": "/blog/", "permanent": true },
    { "source": "/blog/page/4/", "destination": "/blog/", "permanent": true },

    { "source": "/contact", "destination": "/contact-us/", "permanent": true },
    { "source": "/contact/", "destination": "/contact-us/", "permanent": true },

    { "source": "/pages/about/blog.html", "destination": "/blog/", "permanent": true },
    { "source": "/pages/about/careers.html", "destination": "/careers/", "permanent": true },
    { "source": "/pages/about/community.html", "destination": "/community-involvement/", "permanent": true },
    { "source": "/pages/about/doctors/bhumi-patel.html", "destination": "/dr-bhumi-patel-od/", "permanent": true },
    { "source": "/pages/about/doctors/index.html", "destination": "/our-doctors/", "permanent": true },
    { "source": "/pages/about/doctors/mital-patel.html", "destination": "/dr-mital-patel-od/", "permanent": true },
    { "source": "/pages/about/index.html", "destination": "/about-us/", "permanent": true },
    { "source": "/pages/about/testimonials.html", "destination": "/testimonials/", "permanent": true },
    { "source": "/pages/about/why-choose-us.html", "destination": "/why-choose-us/", "permanent": true },
    { "source": "/pages/dry-eye/index.html", "destination": "/dry-eye-treatment/", "permanent": true },
    { "source": "/pages/dry-eye/treatments.html", "destination": "/dry-eye-treatment/", "permanent": true },
    { "source": "/pages/dry-eye/treatments/blephex.html", "destination": "/dry-eye-treatment-blephex/", "permanent": true },
    { "source": "/pages/dry-eye/treatments/eye-drops.html", "destination": "/dry-eye-treatment-eye-drops/", "permanent": true },
    { "source": "/pages/dry-eye/treatments/ipl.html", "destination": "/dry-eye-treatment-intense-pulsed-light/", "permanent": true },
    { "source": "/pages/dry-eye/treatments/miboflo.html", "destination": "/dry-eye-treatment-miboflo/", "permanent": true },
    { "source": "/pages/dry-eye/treatments/punctal-plugs.html", "destination": "/dry-eye-treatment-punctal-plugs/", "permanent": true },
    { "source": "/pages/dry-eye/treatments/scleral-lenses.html", "destination": "/scleral-lenses-for-dry-eyes/", "permanent": true },
    { "source": "/pages/dry-eye/treatments/supplements.html", "destination": "/dry-eye-treatment-eye-supplements/", "permanent": true },
    { "source": "/pages/eyewear/contact-lenses.html", "destination": "/contact-lenses/", "permanent": true },
    { "source": "/pages/eyewear/eyeglasses.html", "destination": "/eyeglasses/", "permanent": true },
    { "source": "/pages/eyewear/index.html", "destination": "/eyewear/", "permanent": true },
    { "source": "/pages/eyewear/specialty/index.html", "destination": "/specialty-contact-lenses/", "permanent": true },
    { "source": "/pages/eyewear/specialty/keratoconus.html", "destination": "/keratoconus-contacts/", "permanent": true },
    { "source": "/pages/eyewear/specialty/post-lasik.html", "destination": "/post-lasik-contacts/", "permanent": true },
    { "source": "/pages/eyewear/specialty/scleral.html", "destination": "/scleral-lenses-atlanta/", "permanent": true },
    { "source": "/pages/eyewear/sunglasses.html", "destination": "/sunglasses/", "permanent": true },
    { "source": "/pages/legal/accessibility.html", "destination": "/accessibility/", "permanent": true },
    { "source": "/pages/legal/privacy.html", "destination": "/privacy-policy-2/", "permanent": true },
    { "source": "/pages/locations/east-cobb.html", "destination": "/eye-doctor-marietta/", "permanent": true },
    { "source": "/pages/locations/index.html", "destination": "/our-locations/", "permanent": true },
    { "source": "/pages/locations/kennesaw.html", "destination": "/eye-doctor-kennesaw-ga/", "permanent": true },
    { "source": "/pages/myopia/children.html", "destination": "/myopia-in-children/", "permanent": true },
    { "source": "/pages/myopia/index.html", "destination": "/myopia-control/", "permanent": true },
    { "source": "/pages/myopia/treatments/atropine.html", "destination": "/myopia-control-atropine-eye-drops/", "permanent": true },
    { "source": "/pages/myopia/treatments/misight.html", "destination": "/misight-lenses-for-myopia-control/", "permanent": true },
    { "source": "/pages/myopia/treatments/multifocal.html", "destination": "/myopia-control-multifocal-lenses/", "permanent": true },
    { "source": "/pages/myopia/treatments/ortho-k.html", "destination": "/ortho-k-lenses-for-myopia-control/", "permanent": true },
    { "source": "/pages/patients/book.html", "destination": "/book-now/", "permanent": true },
    { "source": "/pages/patients/contact.html", "destination": "/contact-us/", "permanent": true },
    { "source": "/pages/patients/insurance.html", "destination": "/insurance/", "permanent": true },
    { "source": "/pages/patients/new.html", "destination": "/new-patients/", "permanent": true },
    { "source": "/pages/services/conditions/allergies.html", "destination": "/allergies/", "permanent": true },
    { "source": "/pages/services/conditions/astigmatism.html", "destination": "/astigmatism/", "permanent": true },
    { "source": "/pages/services/conditions/glaucoma.html", "destination": "/glaucoma/", "permanent": true },
    { "source": "/pages/services/conditions/macular-degeneration.html", "destination": "/macular-degeneration/", "permanent": true },
    { "source": "/pages/services/exams/comprehensive.html", "destination": "/comprehensive-eye-exams/", "permanent": true },
    { "source": "/pages/services/exams/contact-lens.html", "destination": "/contact-lens-exams/", "permanent": true },
    { "source": "/pages/services/exams/diabetic.html", "destination": "/diabetic-eye-exam/", "permanent": true },
    { "source": "/pages/services/index.html", "destination": "/eye-care-services/", "permanent": true },
    { "source": "/pages/services/pediatric/childrens-exam.html", "destination": "/childrens-eye-exam/", "permanent": true },
    { "source": "/pages/services/pediatric/eye-care.html", "destination": "/pediatric-eye-care/", "permanent": true },
    { "source": "/pages/services/pediatric/eye-exams.html", "destination": "/pediatric-eye-exams/", "permanent": true },
    { "source": "/pages/services/pediatric/school-screening.html", "destination": "/school-vision-screening/", "permanent": true },

    { "source": "/dry-eyes/blephex/", "destination": "/dry-eye-treatment-blephex/", "permanent": true },
    { "source": "/dry-eyes/what-causes-dry-eye/", "destination": "/dry-eyes/dry-eyes-symptoms-causes-and-treatment/", "permanent": true },
    { "source": "/dry-eyes/what-is-dry-eye/", "destination": "/dry-eye-treatment/", "permanent": true },
    {
      "source": "/dry-eyes/what-is-intense-pulsed-light-treatment-ipl-for-dry-eye-disease/",
      "destination": "/dry-eyes/what-is-intense-pulsed-light-treatment/",
      "permanent": true
    },

    { "source": "/eye-care/how-to-treat/", "destination": "/eye-care-services/", "permanent": true },
    { "source": "/eye-care/inflammation/", "destination": "/allergies/", "permanent": true },

    { "source": "/eye-doctor-kennesaw/", "destination": "/eye-doctor-kennesaw-ga/", "permanent": true },
    { "source": "/eye-doctor-near-me/", "destination": "/our-locations/", "permanent": true },

    { "source": "/eye-treatment/ipl/", "destination": "/dry-eyes/what-is-intense-pulsed-light-treatment/", "permanent": true },
    { "source": "/eye-treatment/miboflo/", "destination": "/dry-eyes/what-is-mibo-thermoflo/", "permanent": true },
    { "source": "/eye-treatment/supplements/", "destination": "/dry-eye-treatment-eye-supplements/", "permanent": true },

    { "source": "/location/ga/kennesaw/", "destination": "/eye-doctor-kennesaw-ga/", "permanent": true },
    { "source": "/scleral-lenses/", "destination": "/scleral-lenses-for-dry-eyes/", "permanent": true },

    { "source": "/services/", "destination": "/eye-care-services/", "permanent": true },

    { "source": "/dryeye-landing/", "destination": "/dry-eye-treatment/", "permanent": true },
    { "source": "/east-cobb-eye-doctors/", "destination": "/eye-doctor-marietta/", "permanent": true },
    { "source": "/location/ga/marietta/", "destination": "/eye-doctor-marietta/", "permanent": true },
    { "source": "/newhomepage/", "destination": "/", "permanent": true },

    { "source": "/things-to-do-and-see-in-kennesaw/", "destination": "/blog/top-things-to-do-and-see-in-kennesaw-ga/", "permanent": true },
    { "source": "/author/ankitclassicvisioncare-com/", "destination": "/blog/", "permanent": true }
  ]
}
